Time ,Direction
12:00:05,Forward
12:00:05,Forward
12:00:05,Forward
12:00:05,Forward
12:00:05,Forward
12:00:05,Looking Up
12:00:05,Looking Up
12:00:05,Looking Up
12:00:05,Looking Up
12:00:05,Forward
12:00:05,Looking Up
12:00:05,Forward
12:00:05,Forward
12:00:05,Forward
12:00:05,Forward
12:00:05,Forward
12:00:05,Forward
12:00:05,Forward
12:00:05,Forward
12:00:05,Forward
12:00:05,Forward
12:00:05,Forward
12:00:05,Forward
12:00:05,Forward
12:00:05,Forward
12:00:05,Forward
12:00:05,Forward
12:00:05,Forward
12:00:05,Forward
12:00:06,Forward
12:00:06,Forward
12:00:06,Forward
12:00:06,Forward
12:00:06,Forward
12:00:06,Forward
12:00:06,Forward
12:00:06,Forward
12:00:06,Forward
12:00:06,Forward
12:00:06,Forward
12:00:06,Forward
12:00:06,Forward
12:00:06,Forward
12:00:06,Forward
12:00:06,Forward
12:00:06,Forward
12:00:06,Forward
12:00:06,Forward
12:00:06,Forward
12:00:06,Forward
12:00:06,Forward
12:00:06,Forward
12:00:06,Forward
12:00:06,Forward
12:00:06,Forward
12:00:06,Forward
12:00:06,Forward
12:00:06,Forward
12:00:06,Forward
12:00:07,Forward
12:00:07,Forward
12:00:07,Forward
12:00:07,Forward
12:00:07,Forward
12:00:07,Forward
12:00:07,Forward
12:00:07,Forward
12:00:07,Forward
12:00:07,Forward
12:00:07,Forward
12:00:07,Forward
12:00:07,Forward
12:00:07,Forward
12:00:07,Forward
12:00:07,Forward
12:00:07,Forward
12:00:07,Forward
12:00:07,Forward
12:00:07,Forward
12:00:07,Forward
12:00:07,Forward
12:00:07,Forward
12:00:07,Forward
12:00:07,Forward
12:00:07,Forward
12:00:07,Forward
12:00:07,Forward
12:00:07,Forward
12:00:07,Forward
12:00:08,Forward
12:00:08,Forward
12:00:08,Forward
12:00:08,Forward
12:00:08,Forward
12:00:08,Forward
12:00:08,Forward
12:00:08,Forward
12:00:08,Forward
12:00:08,Forward
12:00:08,Forward
12:00:08,Forward
12:00:08,Forward
12:00:08,Forward
12:00:08,Forward
12:00:08,Forward
12:00:08,Forward
12:00:08,Forward
12:00:08,Forward
12:00:08,Forward
12:00:08,Forward
12:00:08,Forward
12:00:08,Forward
12:00:08,Forward
12:00:08,Forward
12:00:08,Forward
12:00:08,Forward
12:00:08,Forward
12:00:08,Forward
12:00:08,Forward
12:00:09,Forward
12:00:09,Forward
12:00:09,Forward
12:00:09,Forward
12:00:09,Forward
12:00:09,Forward
12:00:09,Forward
12:00:09,Forward
12:00:09,Forward
12:00:09,Forward
12:00:09,Forward
12:00:09,Forward
12:00:09,Forward
12:00:09,Looking Up
12:00:09,Looking Up
12:00:09,Looking Up
12:00:09,Looking Up
12:00:09,Looking Up
12:00:09,Looking Up
12:00:09,Looking Up
12:00:09,Looking Up
12:00:09,Looking Up
12:00:09,Forward
12:00:09,Looking Up
12:00:09,Forward
12:00:09,Forward
12:00:09,Forward
12:00:09,Forward
12:00:09,Forward
12:00:09,Forward
12:00:10,Forward
12:00:10,Forward
12:00:10,Forward
12:00:10,Forward
12:00:10,Forward
12:00:10,Forward
12:00:10,Forward
12:00:10,Forward
12:00:10,Forward
12:00:10,Forward
12:00:10,Forward
12:00:10,Forward
12:00:10,Forward
12:00:10,Forward
12:00:10,Forward
12:00:10,Forward
12:00:10,Forward
12:00:10,Forward
12:00:10,Forward
12:00:10,Forward
12:00:10,Forward
12:00:10,Forward
12:00:10,Forward
12:00:10,Forward
12:00:10,Forward
12:00:10,Forward
12:00:10,Forward
12:00:10,Forward
12:00:10,Forward
12:00:10,Forward
12:00:11,Forward
12:00:11,Forward
12:00:11,Forward
12:00:11,Forward
12:00:11,Forward
12:00:11,Forward
12:00:11,Forward
12:00:11,Forward
12:00:11,Forward
12:00:11,Forward
12:00:11,Forward
12:00:11,Forward
12:00:11,Forward
12:00:11,Forward
12:00:11,Forward
12:00:11,Forward
12:00:11,Forward
12:00:11,Forward
12:00:11,Forward
12:00:11,Forward
12:00:11,Forward
12:00:11,Forward
12:00:11,Forward
12:00:11,Forward
12:00:11,Forward
12:00:11,Forward
12:00:11,Looking Up
12:00:11,Looking Up
12:00:11,Looking Up
12:00:11,Looking Up
12:00:12,Looking Up
12:00:12,Forward
12:00:12,Forward
12:00:12,Looking Up
12:00:12,Forward
12:00:12,Forward
12:00:12,Looking Up
12:00:12,Forward
12:00:12,Forward
12:00:12,Forward
12:00:12,Forward
12:00:12,Forward
12:00:12,Forward
12:00:12,Forward
12:00:12,Forward
12:00:12,Forward
12:00:12,Forward
12:00:12,Forward
12:00:12,Forward
12:00:12,Looking Up
12:00:12,Forward
12:00:12,Forward
12:00:12,Forward
12:00:12,Forward
12:00:12,Forward
12:00:12,Forward
12:00:12,Forward
12:00:12,Forward
12:00:12,Forward
12:00:12,Forward
12:00:13,Forward
12:00:13,Forward
12:00:13,Forward
12:00:13,Forward
12:00:13,Forward
12:00:13,Forward
12:00:13,Forward
12:00:13,Forward
12:00:13,Forward
12:00:13,Forward
12:00:13,Forward
12:00:13,Forward
12:00:13,Forward
12:00:13,Forward
12:00:13,Forward
12:00:13,Forward
12:00:13,Forward
12:00:13,Forward
12:00:13,Forward
12:00:13,Forward
12:00:13,Forward
12:00:13,Forward
12:00:13,Forward
12:00:13,Forward
12:00:13,Forward
12:00:13,Forward
12:00:13,Forward
12:00:13,Forward
12:00:13,Forward
12:00:13,Forward
12:00:14,Forward
12:00:14,Forward
12:00:14,Forward
12:00:14,Forward
12:00:14,Forward
12:00:14,Forward
12:00:14,Forward
12:00:14,Forward
12:00:14,Forward
12:00:14,Forward
12:00:14,Forward
12:00:14,Forward
12:00:14,Forward
12:00:14,Forward
12:00:14,Forward
12:00:14,Forward
12:00:14,Forward
12:00:14,Forward
12:00:14,Forward
12:00:14,Forward
12:00:14,Forward
12:00:14,Forward
12:00:14,Forward
12:00:14,Forward
12:00:14,Forward
12:00:14,Forward
12:00:14,Forward
12:00:14,Forward
12:00:14,Forward
12:00:14,Forward
12:00:15,Forward
12:00:15,Forward
12:00:15,Forward
12:00:15,Forward
12:00:15,Forward
12:00:15,Forward
12:00:15,Forward
12:00:15,Forward
12:00:15,Forward
12:00:15,Forward
12:00:15,Forward
12:00:15,Forward
12:00:15,Forward
12:00:15,Forward
12:00:15,Forward
12:00:15,Forward
12:00:15,Forward
12:00:15,Forward
12:00:15,Forward
12:00:15,Forward
12:00:15,Forward
12:00:15,Forward
12:00:15,Forward
12:00:15,Forward
12:00:15,Forward
12:00:15,Forward
12:00:15,Forward
12:00:15,Forward
12:00:15,Forward
12:00:15,Forward
12:00:16,Forward
12:00:16,Forward
12:00:16,Forward
12:00:16,Forward
12:00:16,Forward
12:00:16,Forward
12:00:16,Forward
12:00:16,Forward
12:00:16,Forward
12:00:16,Looking Up
12:00:16,Looking Up
12:00:16,Looking Up
12:00:16,Looking Up
12:00:16,Forward
12:00:16,Forward
12:00:16,Forward
12:00:16,Forward
12:00:16,Forward
12:00:16,Forward
12:00:16,Forward
12:00:16,Forward
12:00:16,Forward
12:00:16,Forward
12:00:16,Forward
12:00:16,Forward
12:00:16,Forward
12:00:16,Forward
12:00:16,Forward
12:00:16,Forward
12:00:16,Forward
12:00:17,Forward
12:00:17,Forward
12:00:17,Looking Up
12:00:17,Looking Up
12:00:17,Looking Up
12:00:17,Forward
12:00:17,Looking Up
12:00:17,Looking Up
12:00:17,Looking Up
12:00:17,Forward
12:00:17,Forward
12:00:17,Forward
12:00:17,Forward
12:00:17,Forward
12:00:17,Forward
12:00:17,Forward
12:00:17,Forward
12:00:17,Forward
12:00:17,Forward
12:00:17,Forward
12:00:17,Forward
12:00:17,Forward
12:00:17,Forward
12:00:17,Forward
12:00:17,Forward
12:00:17,Forward
12:00:17,Forward
12:00:17,Forward
12:00:17,Forward
12:00:17,Forward
12:00:18,Forward
12:00:18,Forward
12:00:18,Forward
12:00:18,Forward
12:00:18,Forward
12:00:18,Forward
12:00:18,Forward
12:00:18,Forward
12:00:18,Forward
12:00:18,Forward
12:00:18,Forward
12:00:18,Forward
12:00:18,Forward
12:00:18,Forward
12:00:18,Forward
12:00:18,Forward
12:00:18,Forward
12:00:18,Forward
12:00:18,Forward
12:00:18,Forward
12:00:18,Forward
12:00:18,Forward
12:00:18,Forward
12:00:18,Forward
12:00:18,Forward
12:00:18,Forward
12:00:18,Forward
12:00:18,Looking Up
12:00:18,Looking Up
12:00:18,Looking Up
12:00:19,Looking Up
12:00:19,Looking Up
12:00:19,Looking Up
12:00:19,Looking Up
12:00:19,Looking Up
12:00:19,Looking Up
12:00:19,Looking Up
12:00:19,Looking Up
12:00:19,Looking Up
12:00:19,Looking Up
12:00:19,Forward
12:00:19,Looking Up
12:00:19,Looking Up
12:00:19,Looking Up
12:00:19,Forward
12:00:19,Forward
12:00:19,Forward
12:00:19,Forward
12:00:19,Forward
12:00:19,Forward
12:00:19,Forward
12:00:19,Forward
12:00:19,Forward
12:00:19,Forward
12:00:19,Forward
12:00:19,Forward
12:00:19,Forward
12:00:19,Forward
12:00:19,Forward
12:00:19,Forward
12:00:20,Forward
12:00:20,Forward
12:00:20,Forward
12:00:20,Forward
12:00:20,Forward
12:00:20,Forward
12:00:20,Forward
12:00:20,Forward
12:00:20,Forward
12:00:20,Forward
12:00:20,Forward
12:00:20,Forward
12:00:20,Forward
12:00:20,Forward
12:00:20,Forward
12:00:20,Forward
12:00:20,Forward
12:00:20,Forward
12:00:20,Forward
12:00:20,Forward
12:00:20,Forward
12:00:20,Forward
12:00:20,Forward
12:00:20,Forward
12:00:20,Forward
12:00:20,Forward
12:00:20,Forward
12:00:20,Forward
12:00:20,Forward
12:00:20,Forward
12:00:21,Forward
12:00:21,Forward
12:00:21,Forward
12:00:21,Forward
12:00:21,Forward
12:00:21,Forward
12:00:21,Forward
12:00:21,Forward
12:00:21,Forward
12:00:21,Forward
12:00:21,Forward
12:00:21,Forward
12:00:21,Forward
12:00:21,Forward
12:00:21,Forward
12:00:21,Forward
12:00:21,Forward
12:00:21,Forward
12:00:21,Forward
12:00:21,Forward
12:00:21,Forward
12:00:21,Forward
12:00:21,Forward
12:00:21,Forward
12:00:21,Forward
12:00:21,Forward
12:00:21,Forward
12:00:21,Forward
12:00:21,Forward
12:00:21,Forward
12:00:22,Forward
12:00:22,Forward
12:00:22,Forward
12:00:22,Forward
12:00:22,Forward
12:00:22,Forward
12:00:22,Forward
12:00:22,Forward
12:00:22,Forward
12:00:22,Forward
12:00:22,Forward
12:00:22,Forward
12:00:22,Forward
12:00:22,Forward
12:00:22,Forward
12:00:22,Forward
12:00:22,Forward
12:00:22,Forward
12:00:22,Forward
12:00:22,Forward
12:00:22,Forward
12:00:22,Forward
12:00:22,Forward
12:00:22,Forward
12:00:22,Forward
12:00:22,Forward
12:00:22,Forward
12:00:22,Forward
12:00:22,Forward
12:00:22,Forward
12:00:23,Forward
12:00:23,Forward
12:00:23,Forward
12:00:23,Forward
12:00:23,Forward
12:00:23,Forward
12:00:23,Forward
12:00:23,Forward
12:00:23,Forward
12:00:23,Forward
12:00:23,Forward
12:00:23,Forward
12:00:23,Forward
12:00:23,Forward
12:00:23,Forward
12:00:23,Forward
12:00:23,Forward
12:00:23,Forward
12:00:23,Forward
12:00:23,Forward
12:00:23,Forward
12:00:23,Forward
12:00:23,Forward
12:00:23,Forward
12:00:23,Forward
12:00:23,Forward
12:00:23,Forward
12:00:23,Forward
12:00:23,Forward
12:00:23,Forward
12:00:24,Forward
12:00:24,Forward
12:00:24,Forward
12:00:24,Forward
12:00:24,Forward
12:00:24,Forward
12:00:24,Forward
12:00:24,Forward
12:00:24,Forward
12:00:24,Forward
12:00:24,Forward
12:00:24,Forward
12:00:24,Forward
12:00:24,Forward
12:00:24,Forward
12:00:24,Forward
12:00:24,Forward
12:00:24,Forward
12:00:24,Forward
12:00:24,Forward
12:00:24,Forward
12:00:24,Forward
12:00:24,Forward
12:00:24,Forward
12:00:24,Forward
12:00:24,Forward
12:00:24,Forward
12:00:24,Forward
12:00:24,Forward
12:00:24,Forward
12:00:25,Forward
12:00:25,Forward
12:00:25,Forward
12:00:25,Forward
12:00:25,Forward
12:00:25,Forward
12:00:25,Forward
12:00:25,Forward
12:00:25,Forward
12:00:25,Forward
12:00:25,Forward
12:00:25,Forward
12:00:25,Forward
12:00:25,Forward
12:00:25,Forward
12:00:25,Forward
12:00:25,Forward
12:00:25,Forward
12:00:25,Forward
12:00:25,Forward
12:00:25,Forward
12:00:25,Forward
12:00:25,Forward
12:00:25,Forward
12:00:25,Forward
12:00:25,Forward
12:00:25,Forward
12:00:25,Forward
12:00:25,Forward
12:00:25,Forward
12:00:26,Forward
12:00:26,Forward
12:00:26,Forward
12:00:26,Forward
12:00:26,Forward
12:00:26,Forward
12:00:26,Forward
12:00:26,Forward
12:00:26,Forward
12:00:26,Forward
12:00:26,Forward
12:00:26,Forward
12:00:26,Forward
12:00:26,Forward
12:00:26,Forward
12:00:26,Forward
12:00:26,Forward
12:00:26,Forward
12:00:26,Forward
12:00:26,Forward
12:00:26,Forward
12:00:26,Forward
12:00:26,Forward
12:00:26,Forward
12:00:26,Forward
12:00:26,Forward
12:00:26,Forward
12:00:26,Forward
12:00:26,Forward
12:00:26,Forward
12:00:27,Forward
12:00:27,Forward
12:00:27,Forward
12:00:27,Forward
12:00:27,Forward
12:00:27,Forward
12:00:27,Forward
12:00:27,Forward
12:00:27,Forward
12:00:27,Forward
12:00:27,Forward
12:00:27,Forward
12:00:27,Forward
12:00:27,Looking Left
12:00:27,Looking Left
12:00:27,Looking Left
12:00:27,Looking Left
12:00:27,Looking Left
12:00:27,Looking Left
12:00:27,Looking Left
12:00:27,Looking Left
12:00:27,Looking Left
12:00:27,Looking Left
12:00:27,Looking Left
12:00:27,Looking Left
12:00:27,Looking Left
12:00:27,Looking Left
12:00:27,Looking Left
12:00:27,Looking Left
12:00:27,Looking Left
12:00:28,Looking Left
12:00:28,Forward
12:00:28,Forward
12:00:28,Forward
12:00:28,Forward
12:00:28,Forward
12:00:28,Forward
12:00:28,Forward
12:00:28,Forward
12:00:28,Forward
12:00:28,Forward
12:00:28,Forward
12:00:28,Forward
12:00:28,Forward
12:00:28,Forward
12:00:28,Forward
12:00:28,Forward
12:00:28,Forward
12:00:28,Forward
12:00:28,Forward
12:00:28,Forward
12:00:28,Forward
12:00:28,Forward
12:00:28,Forward
12:00:28,Forward
12:00:28,Forward
12:00:28,Forward
12:00:28,Forward
12:00:28,Forward
12:00:28,Forward
12:00:29,Forward
12:00:29,Forward
12:00:29,Forward
12:00:29,Forward
12:00:29,Forward
12:00:29,Forward
12:00:29,Forward
12:00:29,Forward
12:00:29,Forward
12:00:29,Forward
12:00:29,Forward
12:00:29,Forward
12:00:29,Forward
12:00:29,Forward
12:00:29,Forward
12:00:29,Forward
12:00:29,Forward
12:00:29,Forward
12:00:29,Forward
12:00:29,Forward
12:00:29,Forward
12:00:29,Forward
12:00:29,Forward
12:00:29,Forward
12:00:29,Forward
12:00:29,Forward
12:00:29,Forward
12:00:29,Forward
12:00:29,Forward
12:00:29,Forward
12:00:30,Looking Left
12:00:30,Looking Left
12:00:30,Looking Left
12:00:30,Looking Left
12:00:30,Looking Left
12:00:30,Looking Left
12:00:30,Looking Left
12:00:30,Looking Left
12:00:30,Looking Left
12:00:30,Looking Left
12:00:30,Looking Left
12:00:30,Looking Left
12:00:30,Looking Left
12:00:30,Looking Left
12:00:30,Looking Left
12:00:30,Looking Left
12:00:30,Looking Left
12:00:30,Looking Left
12:00:30,Looking Left
12:00:30,Looking Left
12:00:30,Looking Left
12:00:30,Looking Left
12:00:30,Forward
12:00:30,Forward
12:00:30,Forward
12:00:30,Forward
12:00:30,Forward
12:00:30,Forward
12:00:30,Forward
12:00:30,Forward
12:00:31,Forward
12:00:31,Forward
12:00:31,Forward
12:00:31,Forward
12:00:31,Forward
12:00:31,Forward
12:00:31,Forward
12:00:31,Forward
12:00:31,Forward
12:00:31,Forward
12:00:31,Forward
12:00:31,Forward
12:00:31,Forward
12:00:31,Forward
12:00:31,Forward
12:00:31,Forward
12:00:31,Forward
12:00:31,Forward
12:00:31,Forward
12:00:31,Forward
12:00:31,Looking Right
12:00:31,Looking Right
12:00:31,Looking Right
12:00:31,Looking Right
12:00:31,Looking Right
12:00:31,Looking Right
12:00:31,Looking Right
12:00:31,Looking Right
12:00:31,Looking Right
12:00:31,Looking Right
12:00:32,Looking Right
12:00:32,Looking Right
12:00:32,Forward
12:00:32,Forward
12:00:32,Forward
12:00:32,Forward
12:00:32,Forward
12:00:32,Forward
12:00:32,Forward
12:00:32,Forward
12:00:32,Forward
12:00:32,Forward
12:00:32,Forward
12:00:32,Forward
12:00:32,Looking Up
12:00:32,Forward
12:00:32,Forward
12:00:32,Forward
12:00:32,Forward
12:00:32,Forward
12:00:32,Forward
12:00:32,Forward
12:00:32,Looking Left
12:00:32,Looking Left
12:00:32,Looking Left
12:00:32,Looking Left
12:00:32,Looking Left
12:00:32,Looking Left
12:00:32,Looking Left
12:00:32,Looking Left
12:00:33,Looking Left
12:00:33,Looking Left
12:00:33,Looking Left
12:00:33,Looking Left
12:00:33,Looking Left
12:00:33,Looking Left
12:00:33,Looking Left
12:00:33,Looking Left
12:00:33,Forward
12:00:33,Forward
12:00:33,Forward
12:00:33,Forward
12:00:33,Forward
12:00:33,Forward
12:00:33,Forward
12:00:33,Forward
12:00:33,Forward
12:00:33,Forward
12:00:33,Forward
12:00:33,Forward
12:00:33,Forward
12:00:33,Forward
12:00:33,Forward
12:00:33,Forward
12:00:33,Forward
12:00:33,Forward
12:00:33,Forward
12:00:33,Forward
12:00:33,Forward
12:00:33,Forward
12:00:34,Forward
12:00:34,Forward
12:00:34,Forward
12:00:34,Forward
12:00:34,Forward
12:00:34,Forward
12:00:34,Forward
12:00:34,Forward
12:00:34,Forward
12:00:34,Forward
12:00:34,Forward
12:00:34,Forward
12:00:34,Forward
12:00:34,Forward
12:00:34,Forward
12:00:34,Forward
12:00:34,Forward
12:00:34,Forward
12:00:34,Forward
12:00:34,Forward
12:00:34,Forward
12:00:34,Forward
12:00:34,Forward
12:00:34,Forward
12:00:34,Forward
12:00:34,Forward
12:00:34,Forward
12:00:34,Forward
12:00:34,Forward
12:00:34,Forward
12:00:35,Forward
12:00:35,Forward
12:00:35,Forward
12:00:35,Forward
12:00:35,Forward
12:00:35,Forward
12:00:35,Looking Left
12:00:35,Looking Left
12:00:35,Looking Left
12:00:35,Looking Left
12:00:35,Looking Left
12:00:35,Looking Left
12:00:35,Looking Left
12:00:35,Looking Left
12:00:35,Looking Left
12:00:35,Looking Left
12:00:35,Looking Left
12:00:35,Looking Left
12:00:35,Looking Left
12:00:35,Looking Left
12:00:35,Looking Left
12:00:35,Looking Left
12:00:35,Looking Left
12:00:35,Looking Left
12:00:35,Forward
12:00:35,Forward
12:00:35,Forward
12:00:35,Forward
12:00:35,Forward
12:00:35,Forward
12:00:36,Forward
12:00:36,Forward
12:00:36,Forward
12:00:36,Forward
12:00:36,Looking Up
12:00:36,Looking Up
12:00:36,Looking Up
12:00:36,Looking Up
12:00:36,Looking Up
12:00:36,Looking Up
12:00:36,Looking Up
12:00:36,Looking Right
12:00:36,Looking Right
12:00:36,Looking Right
12:00:36,Looking Right
12:00:36,Looking Right
12:00:36,Looking Right
12:00:36,Looking Right
12:00:36,Looking Right
12:00:36,Looking Right
12:00:36,Looking Right
12:00:36,Looking Right
12:00:36,Looking Right
12:00:36,Looking Right
12:00:36,Forward
12:00:36,Forward
12:00:36,Forward
12:00:36,Forward
12:00:36,Forward
12:00:36,Forward
12:00:37,Forward
12:00:37,Forward
12:00:37,Forward
12:00:37,Forward
12:00:37,Forward
12:00:37,Forward
12:00:37,Forward
12:00:37,Forward
12:00:37,Forward
12:00:37,Forward
12:00:37,Forward
12:00:37,Forward
12:00:37,Forward
12:00:37,Forward
12:00:37,Looking Left
12:00:37,Forward
12:00:37,Looking Left
12:00:37,Forward
12:00:37,Forward
12:00:37,Forward
12:00:37,Forward
12:00:37,Forward
12:00:37,Forward
12:00:37,Forward
12:00:37,Forward
12:00:37,Forward
12:00:37,Forward
12:00:37,Forward
12:00:37,Forward
12:00:37,Forward
12:00:38,Forward
12:00:38,Looking Up
12:00:38,Looking Up
12:00:38,Looking Up
12:00:38,Looking Up
12:00:38,Looking Up
12:00:38,Looking Up
12:00:38,Looking Up
12:00:38,Looking Up
12:00:38,Looking Up
12:00:38,Looking Up
12:00:38,Looking Up
12:00:38,Looking Up
12:00:38,Looking Up
12:00:38,Looking Up
12:00:38,Looking Up
12:00:38,Looking Up
12:00:38,Looking Up
12:00:38,Looking Up
12:00:38,Looking Up
12:00:38,Looking Up
12:00:38,Looking Up
12:00:38,Looking Up
12:00:38,Looking Up
12:00:38,Looking Up
12:00:38,Looking Up
12:00:38,Looking Up
12:00:38,Looking Up
12:00:38,Looking Up
12:00:38,Looking Up
12:00:39,Looking Up
12:00:39,Looking Up
12:00:39,Looking Up
12:00:39,Looking Up
12:00:39,Looking Up
12:00:39,Looking Up
12:00:39,Looking Up
12:00:39,Looking Up
12:00:39,Looking Up
12:00:39,Looking Up
12:00:39,Looking Up
12:00:39,Looking Up
12:00:39,Looking Up
12:00:39,Looking Up
12:00:39,Looking Up
12:00:39,Looking Up
12:00:39,Looking Up
12:00:39,Looking Up
12:00:39,Looking Up
12:00:39,Looking Up
12:00:39,Looking Up
12:00:39,Looking Up
12:00:39,Looking Up
12:00:39,Looking Up
12:00:39,Looking Up
12:00:39,Looking Up
12:00:39,Looking Up
12:00:39,Looking Up
12:00:39,Looking Up
12:00:39,Looking Up
12:00:40,Forward
12:00:40,Forward
12:00:40,Forward
12:00:40,Looking Up
12:00:40,Forward
12:00:40,Looking Up
12:00:40,Looking Up
12:00:40,Looking Up
12:00:40,Looking Up
12:00:40,Forward
12:00:40,Forward
12:00:40,Forward
12:00:40,Forward
12:00:40,Forward
12:00:40,Forward
12:00:40,Looking Up
12:00:40,Looking Up
12:00:40,Looking Up
12:00:40,Looking Up
12:00:40,Looking Up
12:00:40,Looking Up
12:00:40,Looking Up
12:00:40,Looking Up
12:00:40,Looking Up
12:00:40,Looking Up
12:00:40,Looking Up
12:00:40,Looking Up
12:00:40,Looking Up
12:00:40,Looking Up
12:00:40,Looking Up
12:00:41,Looking Up
12:00:41,Looking Up
12:00:41,Looking Up
12:00:41,Looking Up
12:00:41,Looking Up
12:00:41,Looking Up
12:00:41,Looking Up
12:00:41,Looking Up
12:00:41,Looking Up
12:00:41,Looking Up
12:00:41,Looking Up
12:00:41,Forward
12:00:41,Forward
12:00:41,Forward
12:00:41,Forward
12:00:41,Looking Up
12:00:41,Forward
12:00:41,Forward
12:00:41,Forward
12:00:41,Forward
12:00:41,Forward
12:00:41,Forward
12:00:41,Looking Up
12:00:41,Looking Up
12:00:41,Forward
12:00:41,Looking Up
12:00:41,Looking Up
12:00:41,Looking Up
12:00:41,Looking Up
12:00:41,Looking Up
12:00:42,Looking Up
12:00:42,Looking Up
12:00:42,Looking Up
12:00:42,Looking Up
12:00:42,Looking Up
12:00:42,Looking Up
12:00:42,Looking Up
12:00:42,Looking Up
12:00:42,Looking Up
12:00:42,Looking Up
12:00:42,Looking Up
12:00:42,Looking Up
12:00:42,Looking Up
12:00:42,Looking Up
12:00:42,Looking Up
12:00:42,Looking Up
12:00:42,Looking Up
12:00:42,Looking Up
12:00:42,Looking Up
12:00:42,Looking Up
12:00:42,Looking Up
12:00:42,Looking Up
12:00:42,Looking Up
12:00:42,Looking Up
12:00:42,Looking Up
12:00:42,Looking Up
12:00:42,Looking Up
12:00:42,Looking Up
12:00:42,Looking Up
12:00:42,Looking Up
12:00:43,Looking Up
12:00:43,Looking Up
12:00:43,Looking Up
12:00:43,Looking Up
12:00:43,Looking Up
12:00:43,Looking Up
12:00:43,Looking Up
12:00:43,Looking Up
12:00:43,Looking Up
12:00:43,Looking Up
12:00:43,Looking Up
12:00:43,Looking Up
12:00:43,Looking Up
12:00:43,Looking Up
12:00:43,Looking Up
12:00:43,Looking Up
12:00:43,Looking Up
12:00:43,Looking Up
12:00:43,Looking Up
12:00:43,Looking Up
12:00:43,Forward
12:00:43,Forward
12:00:43,Forward
12:00:43,Looking Up
12:00:43,Forward
12:00:43,Forward
12:00:43,Forward
12:00:43,Forward
12:00:43,Forward
12:00:43,Forward
12:00:44,Forward
12:00:44,Forward
12:00:44,Forward
12:00:44,Forward
12:00:44,Forward
12:00:44,Forward
12:00:44,Forward
12:00:44,Forward
12:00:44,Forward
12:00:44,Forward
12:00:44,Looking Up
12:00:44,Forward
12:00:44,Looking Up
12:00:44,Looking Up
12:00:44,Looking Up
12:00:44,Looking Up
12:00:44,Looking Up
12:00:44,Looking Up
12:00:44,Looking Up
12:00:44,Forward
12:00:44,Forward
12:00:44,Forward
12:00:44,Forward
12:00:44,Forward
12:00:44,Forward
12:00:44,Forward
12:00:44,Forward
12:00:44,Forward
12:00:44,Forward
12:00:44,Forward
12:00:45,Forward
12:00:45,Forward
12:00:45,Forward
12:00:45,Forward
12:00:45,Forward
12:00:45,Forward
12:00:45,Forward
12:00:45,Forward
12:00:45,Forward
12:00:45,Forward
12:00:45,Forward
12:00:45,Forward
12:00:45,Forward
12:00:45,Forward
12:00:45,Forward
12:00:45,Forward
12:00:45,Forward
12:00:45,Forward
12:00:45,Forward
12:00:45,Forward
12:00:45,Forward
12:00:45,Forward
12:00:45,Forward
12:00:45,Forward
12:00:45,Looking Up
12:00:45,Looking Up
12:00:45,Looking Up
12:00:45,Looking Up
12:00:45,Forward
12:00:45,Looking Up
12:00:46,Looking Up
12:00:46,Looking Up
12:00:46,Looking Up
12:00:46,Looking Up
12:00:46,Looking Up
12:00:46,Looking Up
12:00:46,Looking Up
12:00:46,Looking Up
12:00:46,Looking Up
12:00:46,Forward
12:00:46,Forward
12:00:46,Forward
12:00:46,Forward
12:00:46,Looking Right
12:00:46,Looking Right
12:00:46,Looking Right
12:00:46,Looking Right
12:00:46,Forward
12:00:46,Forward
12:00:46,Forward
12:00:46,Looking Right
12:00:46,Looking Right
12:00:46,Forward
12:00:46,Looking Right
12:00:46,Looking Right
12:00:46,Looking Right
12:00:46,Looking Right
12:00:46,Looking Right
12:00:46,Forward
12:00:46,Forward
12:00:47,Looking Right
12:00:47,Looking Right
12:00:47,Forward
12:00:47,Forward
12:00:47,Forward
12:00:47,Looking Right
12:00:47,Looking Right
12:00:47,Looking Right
12:00:47,Looking Right
12:00:47,Looking Right
12:00:47,Looking Right
12:00:47,Forward
12:00:47,Forward
12:00:47,Looking Right
12:00:47,Looking Right
12:00:47,Looking Right
12:00:47,Looking Right
12:00:47,Looking Right
12:00:47,Looking Right
12:00:47,Looking Right
12:00:47,Looking Right
12:00:47,Forward
12:00:47,Forward
12:00:47,Forward
12:00:47,Forward
12:00:47,Forward
12:00:47,Forward
12:00:47,Forward
12:00:47,Forward
12:00:47,Forward
12:00:48,Forward
12:00:48,Forward
12:00:48,Forward
12:00:48,Forward
12:00:48,Looking Right
12:00:48,Looking Right
12:00:48,Looking Right
12:00:48,Looking Right
12:00:48,Looking Right
12:00:48,Forward
12:00:48,Looking Right
12:00:48,Looking Right
12:00:48,Forward
12:00:48,Forward
12:00:48,Looking Right
12:00:48,Forward
12:00:48,Forward
12:00:48,Forward
12:00:48,Forward
12:00:48,Forward
12:00:48,Looking Right
12:00:48,Looking Right
12:00:48,Forward
12:00:48,Forward
12:00:48,Forward
12:00:48,Forward
12:00:48,Forward
12:00:48,Forward
12:00:48,Forward
12:00:48,Forward
12:00:49,Forward
12:00:49,Forward
12:00:49,Forward
12:00:49,Forward
12:00:49,Forward
12:00:49,Forward
12:00:49,Forward
12:00:49,Forward
12:00:49,Forward
12:00:49,Forward
12:00:49,Forward
12:00:49,Forward
12:00:49,Forward
12:00:49,Forward
12:00:49,Forward
12:00:49,Forward
12:00:49,Forward
12:00:49,Forward
12:00:49,Forward
12:00:49,Forward
12:00:49,Forward
12:00:49,Forward
12:00:49,Forward
12:00:49,Forward
12:00:49,Forward
12:00:49,Forward
12:00:49,Forward
12:00:49,Forward
12:00:49,Forward
12:00:49,Looking Right
12:00:50,Looking Right
12:00:50,Looking Right
12:00:50,Looking Right
12:00:50,Looking Right
12:00:50,Looking Right
12:00:50,Looking Right
12:00:50,Looking Right
12:00:50,Looking Right
12:00:50,Forward
12:00:50,Forward
12:00:50,Looking Right
12:00:50,Looking Right
12:00:50,Looking Right
12:00:50,Forward
12:00:50,Forward
12:00:50,Forward
12:00:50,Forward
12:00:50,Forward
12:00:50,Forward
12:00:50,Forward
12:00:50,Forward
12:00:50,Looking Right
12:00:50,Looking Right
12:00:50,Looking Right
12:00:50,Looking Right
12:00:50,Looking Right
12:00:50,Looking Right
12:00:50,Looking Right
12:00:50,Looking Right
12:00:50,Looking Right
12:00:51,Looking Right
12:00:51,Looking Right
12:00:51,Looking Right
12:00:51,Looking Right
12:00:51,Looking Right
12:00:51,Looking Right
12:00:51,Looking Right
12:00:51,Looking Right
12:00:51,Forward
12:00:51,Looking Right
12:00:51,Looking Right
12:00:51,Looking Right
12:00:51,Forward
12:00:51,Forward
12:00:51,Forward
12:00:51,Forward
12:00:51,Forward
12:00:51,Looking Right
12:00:51,Looking Right
12:00:51,Looking Right
12:00:51,Forward
12:00:51,Forward
12:00:51,Forward
12:00:51,Forward
12:00:51,Forward
12:00:51,Forward
12:00:51,Forward
12:00:51,Forward
12:00:51,Forward
12:00:51,Forward
12:00:52,Forward
12:00:52,Forward
12:00:52,Forward
12:00:52,Forward
12:00:52,Forward
12:00:52,Forward
12:00:52,Forward
12:00:52,Forward
12:00:52,Forward
12:00:52,Forward
12:00:52,Forward
12:00:52,Forward
12:00:52,Forward
12:00:52,Forward
12:00:52,Forward
12:00:52,Forward
12:00:52,Forward
12:00:52,Forward
12:00:52,Forward
12:00:52,Forward
12:00:52,Forward
12:00:52,Forward
12:00:52,Forward
12:00:52,Forward
12:00:52,Forward
12:00:52,Forward
12:00:52,Forward
12:00:52,Forward
12:00:52,Forward
12:00:52,Forward
12:00:53,Forward
12:00:53,Forward
12:00:53,Forward
12:00:53,Forward
12:00:53,Forward
12:00:53,Forward
12:00:53,Forward
12:00:53,Forward
12:00:53,Forward
12:00:53,Looking Up
12:00:53,Looking Up
12:00:53,Looking Up
12:00:53,Looking Up
12:00:53,Looking Up
12:00:53,Looking Up
12:00:53,Looking Up
12:00:53,Looking Up
12:00:53,Looking Up
12:00:53,Looking Up
12:00:53,Looking Up
12:00:53,Looking Up
12:00:53,Looking Up
12:00:53,Looking Up
12:00:53,Looking Up
12:00:53,Looking Up
12:00:53,Looking Up
12:00:53,Looking Up
12:00:53,Looking Up
12:00:53,Looking Up
12:00:53,Looking Up
12:00:54,Looking Up
12:00:54,Looking Up
12:00:54,Looking Up
12:00:54,Looking Up
12:00:54,Looking Up
12:00:54,Looking Up
12:00:54,Looking Up
12:00:54,Looking Up
12:00:54,Looking Up
12:00:54,Looking Up
12:00:54,Looking Up
12:00:54,Looking Up
12:00:54,Looking Up
12:00:54,Looking Up
12:00:54,Looking Up
12:00:54,Looking Up
12:00:54,Looking Up
12:00:54,Looking Up
12:00:54,Looking Up
12:00:54,Looking Up
12:00:54,Looking Up
12:00:54,Looking Up
12:00:54,Looking Up
12:00:54,Looking Up
12:00:54,Looking Up
12:00:54,Looking Up
12:00:54,Looking Up
12:00:54,Looking Up
12:00:54,Looking Up
12:00:54,Looking Up
12:00:55,Looking Up
12:00:55,Looking Up
12:00:55,Looking Up
12:00:55,Looking Up
12:00:55,Looking Up
12:00:55,Looking Up
12:00:55,Looking Up
12:00:55,Looking Up
12:00:55,Looking Up
12:00:55,Looking Up
12:00:55,Looking Up
12:00:55,Looking Up
12:00:55,Looking Up
12:00:55,Looking Up
12:00:55,Looking Up
12:00:55,Looking Up
12:00:55,Looking Up
12:00:55,Looking Up
12:00:55,Looking Up
12:00:55,Looking Up
12:00:55,Looking Up
12:00:55,Looking Up
12:00:55,Looking Up
12:00:55,Looking Up
12:00:55,Looking Up
12:00:55,Looking Up
12:00:55,Looking Up
12:00:55,Looking Up
12:00:55,Looking Up
12:00:55,Looking Up
12:00:56,Looking Up
12:00:56,Looking Up
12:00:56,Looking Up
12:00:56,Looking Up
12:00:56,Looking Up
12:00:56,Looking Up
12:00:56,Looking Up
12:00:56,Looking Up
12:00:56,Looking Up
12:00:56,Looking Up
12:00:56,Looking Up
12:00:56,Looking Up
12:00:56,Looking Up
12:00:56,Looking Up
12:00:56,Looking Up
12:00:56,Looking Up
12:00:56,Looking Up
12:00:56,Looking Up
12:00:56,Looking Up
12:00:56,Looking Up
12:00:56,Looking Up
12:00:56,Looking Up
12:00:56,Looking Up
12:00:56,Looking Up
12:00:56,Looking Up
12:00:56,Looking Up
12:00:56,Looking Up
12:00:56,Looking Up
12:00:56,Looking Up
12:00:56,Looking Up
12:00:57,Looking Up
12:00:57,Looking Up
12:00:57,Looking Up
12:00:57,Looking Up
12:00:57,Looking Up
12:00:57,Looking Up
12:00:57,Looking Up
12:00:57,Looking Up
12:00:57,Looking Up
12:00:57,Looking Up
12:00:57,Looking Up
12:00:57,Looking Up
12:00:57,Looking Up
12:00:57,Looking Up
12:00:57,Looking Up
12:00:57,Looking Up
12:00:57,Looking Up
12:00:57,Looking Up
12:00:57,Looking Up
12:00:57,Looking Up
12:00:57,Looking Up
12:00:57,Looking Up
12:00:57,Looking Up
12:00:57,Looking Up
12:00:57,Looking Up
12:00:57,Looking Up
12:00:57,Looking Up
12:00:57,Looking Up
12:00:57,Looking Up
12:00:57,Looking Up
12:00:58,Looking Up
12:00:58,Looking Up
12:00:58,Looking Up
12:00:58,Looking Up
12:00:58,Looking Up
12:00:58,Looking Up
12:00:58,Looking Up
12:00:58,Looking Up
12:00:58,Looking Up
12:00:58,Looking Up
12:00:58,Looking Up
12:00:58,Looking Up
12:00:58,Looking Up
12:00:58,Looking Up
12:00:58,Looking Up
12:00:58,Looking Up
12:00:58,Looking Up
12:00:58,Looking Up
12:00:58,Looking Up
12:00:58,Looking Up
12:00:58,Looking Up
12:00:58,Looking Up
12:00:58,Looking Up
12:00:58,Looking Up
12:00:58,Looking Up
12:00:58,Looking Up
12:00:58,Looking Up
12:00:58,Looking Up
12:00:58,Looking Up
12:00:58,Looking Up
12:00:59,Looking Up
12:00:59,Looking Up
12:00:59,Looking Up
12:00:59,Looking Up
12:00:59,Looking Up
12:00:59,Looking Up
12:00:59,Forward
12:00:59,Forward
12:00:59,Forward
12:00:59,Forward
12:00:59,Forward
12:00:59,Forward
12:00:59,Forward
12:00:59,Forward
12:00:59,Forward
12:00:59,Forward
12:00:59,Forward
12:00:59,Forward
12:00:59,Looking Up
12:00:59,Looking Up
12:00:59,Looking Up
12:00:59,Looking Up
12:00:59,Looking Up
12:00:59,Looking Up
12:00:59,Looking Up
12:00:59,Looking Up
12:00:59,Looking Up
12:00:59,Looking Up
12:00:59,Looking Up
12:00:59,Looking Up
12:01:00,Looking Up
12:01:00,Looking Up
12:01:00,Looking Up
12:01:00,Looking Up
12:01:00,Looking Up
12:01:00,Looking Up
12:01:00,Looking Up
12:01:00,Looking Up
12:01:00,Forward
12:01:00,Forward
12:01:00,Forward
12:01:00,Forward
12:01:00,Forward
12:01:00,Forward
12:01:00,Looking Up
12:01:00,Looking Up
12:01:00,Looking Up
12:01:00,Looking Up
12:01:00,Looking Up
12:01:00,Looking Up
12:01:00,Looking Up
12:01:00,Looking Up
12:01:00,Looking Up
12:01:00,Looking Up
12:01:00,Looking Up
12:01:00,Forward
12:01:00,Forward
12:01:00,Forward
12:01:00,Forward
12:01:00,Forward
12:01:01,Forward
12:01:01,Forward
12:01:01,Forward
12:01:01,Looking Up
12:01:01,Looking Up
12:01:01,Looking Up
12:01:01,Looking Up
12:01:01,Looking Up
12:01:01,Looking Up
12:01:01,Looking Up
12:01:01,Looking Up
12:01:01,Forward
12:01:01,Forward
12:01:01,Forward
12:01:01,Forward
12:01:01,Forward
12:01:01,Forward
12:01:01,Forward
12:01:01,Forward
12:01:01,Forward
12:01:01,Forward
12:01:01,Forward
12:01:01,Forward
12:01:01,Looking Up
12:01:01,Looking Up
12:01:01,Looking Up
12:01:01,Looking Up
12:01:01,Looking Up
12:01:01,Looking Up
12:01:01,Looking Up
12:01:02,Looking Up
12:01:02,Looking Up
12:01:02,Looking Up
12:01:02,Looking Up
12:01:02,Looking Up
12:01:02,Looking Up
12:01:02,Looking Up
12:01:02,Looking Up
12:01:02,Looking Up
12:01:02,Looking Up
12:01:02,Looking Up
12:01:02,Looking Up
12:01:02,Looking Up
12:01:02,Looking Up
12:01:02,Looking Up
12:01:02,Looking Up
12:01:02,Looking Up
12:01:02,Looking Up
12:01:02,Looking Up
12:01:02,Looking Up
12:01:02,Looking Up
12:01:02,Looking Up
12:01:02,Looking Up
12:01:02,Looking Up
12:01:02,Looking Up
12:01:02,Looking Up
12:01:02,Looking Up
12:01:02,Looking Up
12:01:02,Looking Up
